from,to
p0_ms0_m0,p0_ms2_m2
p0_ms0_m0,p1_ms2_m5
p0_ms0_m0,p2_ms1_m7
p0_ms0_m0,p2_ms3_m9
p0_ms0_m0,p7_ms1_m23
p0_ms0_m0,p7_ms2_m24
p0_ms1_m1,p2_ms1_m7
p0_ms1_m1,p2_ms3_m9
p0_ms1_m1,p5_ms0_m16
p0_ms1_m1,p19_ms0_m49
p0_ms2_m2,p1_ms1_m4
p0_ms2_m2,p1_ms2_m5
p0_ms2_m2,p8_ms0_m25
p0_ms2_m2,p10_ms0_m30
p1_ms0_m3,p2_ms1_m7
p1_ms0_m3,p11_ms1_m32
p1_ms1_m4,p2_ms1_m7
p1_ms1_m4,p11_ms0_m31
p1_ms2_m5,p5_ms0_m16
p1_ms2_m5,p7_ms2_m24
p2_ms0_m6,p13_ms0_m34
p2_ms1_m7,p2_ms3_m9
p2_ms1_m7,p4_ms2_m14
p2_ms1_m7,p5_ms0_m16
p2_ms1_m7,p7_ms0_m22
p2_ms1_m7,p7_ms2_m24
p2_ms1_m7,p8_ms3_m28
p2_ms2_m8,p5_ms0_m16
p2_ms2_m8,p7_ms0_m22
p2_ms2_m8,p7_ms1_m23
p2_ms3_m9,p2_ms4_m10
p2_ms3_m9,p11_ms0_m31
p2_ms4_m10,p6_ms0_m21
p2_ms4_m10,p13_ms0_m34
p2_ms4_m10,p16_ms0_m39
p3_ms0_m11,p9_ms0_m29
p4_ms1_m13,p9_ms0_m29
p4_ms2_m14,p8_ms1_m26
p4_ms2_m14,p14_ms1_m36
p4_ms3_m15,p19_ms0_m49
p5_ms0_m16,p5_ms4_m20
p5_ms0_m16,p8_ms2_m27
p5_ms0_m16,p18_ms2_m46
p5_ms2_m18,p8_ms3_m28
p5_ms3_m19,p14_ms1_m36
p7_ms0_m22,p9_ms0_m29
p7_ms1_m23,p12_ms0_m33
p7_ms2_m24,p11_ms0_m31
p7_ms2_m24,p15_ms0_m37
p8_ms0_m25,p14_ms1_m36
p8_ms0_m25,p18_ms0_m44
p8_ms3_m28,p16_ms1_m40
p8_ms3_m28,p18_ms3_m47
p9_ms0_m29,p12_ms0_m33
p9_ms0_m29,p17_ms1_m43
p10_ms0_m30,p16_ms0_m39
p10_ms0_m30,p17_ms1_m43
p11_ms0_m31,p13_ms0_m34
p11_ms0_m31,p18_ms1_m45
p11_ms1_m32,p12_ms0_m33
p13_ms0_m34,p18_ms0_m44
p13_ms0_m34,p18_ms1_m45
p14_ms1_m36,p15_ms1_m38
p14_ms1_m36,p19_ms0_m49
p15_ms0_m37,p16_ms0_m39
p16_ms0_m39,p17_ms0_m42
